{
  "FasterRCNN": {
    "Test_Clean": {
      "mAP50_95": 0.33623372329444723,
      "mAP50": 0.5317710190209395,
      "per_class_ap50": {
        "pedestrian": 0.4876604339571379,
        "car": 0.7888959698460126,
        "van": 0.46573359072483234,
        "truck": 0.3955548623495652,
        "bus": 0.5954711843195676,
        "motor": 0.4573100729285208
      }
    },
    "Test_Noise": {
      "mAP50_95": 0.2960852701337051,
      "mAP50": 0.47155969597525293,
      "per_class_ap50": {
        "pedestrian": 0.4272643997436793,
        "car": 0.753242477954359,
        "van": 0.42739151573832995,
        "truck": 0.3220113712510913,
        "bus": 0.5858797862976425,
        "motor": 0.3135686248664154
      }
    },
    "Test_Blur": {
      "mAP50_95": 0.16958415089323114,
      "mAP50": 0.2868147017594546,
      "per_class_ap50": {
        "pedestrian": 0.16715078166691646,
        "car": 0.6282840805629476,
        "van": 0.23693699295779824,
        "truck": 0.17983395497184393,
        "bus": 0.3483236901956485,
        "motor": 0.16035871020157286
      }
    },
    "Test_LowRes": {
      "mAP50_95": 0.28281790899779974,
      "mAP50": 0.4534648668665665,
      "per_class_ap50": {
        "pedestrian": 0.42349719972567834,
        "car": 0.7282015742254508,
        "van": 0.38699130227881257,
        "truck": 0.30427597758363795,
        "bus": 0.5275436422435638,
        "motor": 0.3502795051422554
      }
    }
  },
  "RT-DETR-L": {
    "Test_Clean": {
      "mAP50_95": 0.33760005783838754,
      "mAP50": 0.5358923913732752,
      "per_class_ap50": {
        "pedestrian": 0.4590575620674277,
        "car": 0.8068206450942855,
        "van": 0.4721373805176672,
        "truck": 0.46015909732933485,
        "bus": 0.5523797486747526,
        "motor": 0.4647999145561829
      }
    },
    "Test_Noise": {
      "mAP50_95": 0.29413849425491334,
      "mAP50": 0.47475991743105644,
      "per_class_ap50": {
        "pedestrian": 0.3990286296708775,
        "car": 0.7818571561246277,
        "van": 0.4310105328755,
        "truck": 0.39516830736493846,
        "bus": 0.4658100704862312,
        "motor": 0.3756848080641637
      }
    },
    "Test_Blur": {
      "mAP50_95": 0.23123304801591388,
      "mAP50": 0.3966916975053667,
      "per_class_ap50": {
        "pedestrian": 0.25380198573148477,
        "car": 0.7343979848444158,
        "van": 0.3687270192122246,
        "truck": 0.29712612928992277,
        "bus": 0.4381214738708825,
        "motor": 0.28797559208326956
      }
    },
    "Test_LowRes": {
      "mAP50_95": 0.31205175902545806,
      "mAP50": 0.5003553205906855,
      "per_class_ap50": {
        "pedestrian": 0.41853095184166833,
        "car": 0.7773251070637679,
        "van": 0.44066844639459557,
        "truck": 0.3990436159202033,
        "bus": 0.5403915770937322,
        "motor": 0.42617222523014575
      }
    }
  },
  "YOLOv8m": {
    "Test_Clean": {
      "mAP50_95": 0.44618862046092833,
      "mAP50": 0.6656994183481463,
      "per_class_ap50": {
        "pedestrian": 0.6376896553044338,
        "car": 0.880927769341446,
        "van": 0.5720721596060726,
        "truck": 0.5295014442841849,
        "bus": 0.733368168020787,
        "motor": 0.6406373135319535
      }
    },
    "Test_Noise": {
      "mAP50_95": 0.3765972467427243,
      "mAP50": 0.5765808932618357,
      "per_class_ap50": {
        "pedestrian": 0.5491778201726999,
        "car": 0.8497938918833603,
        "van": 0.5107981601762238,
        "truck": 0.40281436674016885,
        "bus": 0.6561058221209713,
        "motor": 0.49079529847758996
      }
    },
    "Test_Blur": {
      "mAP50_95": 0.2649761347881103,
      "mAP50": 0.43217502709980987,
      "per_class_ap50": {
        "pedestrian": 0.2888912932279926,
        "car": 0.7722910840133282,
        "van": 0.3936461105954921,
        "truck": 0.30527407573478027,
        "bus": 0.5521296168997448,
        "motor": 0.28081798212752107
      }
    },
    "Test_LowRes": {
      "mAP50_95": 0.4167945897501348,
      "mAP50": 0.6278531140445432,
      "per_class_ap50": {
        "pedestrian": 0.5915244539893973,
        "car": 0.8600775361301879,
        "van": 0.5383117170372725,
        "truck": 0.48848740947807023,
        "bus": 0.7009143786982286,
        "motor": 0.5878031889341032
      }
    }
  }
}