{
  "FasterRCNN": {
    "Test_Clean": {
      "mAP50_95": 0.33623372329444723,
      "mAP50": 0.5317710190209395,
      "per_class_ap50": {
        "pedestrian": 0.4876604339571379,
        "car": 0.7888959698460126,
        "van": 0.46573359072483234,
        "truck": 0.3955548623495652,
        "bus": 0.5954711843195676,
        "motor": 0.4573100729285208
      }
    },
    "Test_Noise": {
      "mAP50_95": 0.10709255810902864,
      "mAP50": 0.177393531078013,
      "per_class_ap50": {
        "pedestrian": 0.12488910676089375,
        "car": 0.48829962781994873,
        "van": 0.17196263761072383,
        "truck": 0.06147425225454401,
        "bus": 0.17330862170431052,
        "motor": 0.04442694031765725
      }
    },
    "Test_Blur": {
      "mAP50_95": 0.3157365725404117,
      "mAP50": 0.5023341387433193,
      "per_class_ap50": {
        "pedestrian": 0.44649232940457173,
        "car": 0.7682597645919651,
        "van": 0.44287199907830543,
        "truck": 0.35393711787454063,
        "bus": 0.5814844843422358,
        "motor": 0.4209591371682975
      }
    },
    "Test_LowRes": {
      "mAP50_95": 0.30372613818070177,
      "mAP50": 0.48294132590227196,
      "per_class_ap50": {
        "pedestrian": 0.4574279901165091,
        "car": 0.7582246712950188,
        "van": 0.4242148736491762,
        "truck": 0.32293873797316247,
        "bus": 0.5424659658965238,
        "motor": 0.39237571648324165
      }
    }
  },
  "RT-DETR-L": {
    "Test_Clean": {
      "mAP50_95": 0.33760005783838754,
      "mAP50": 0.5358923913732752,
      "per_class_ap50": {
        "pedestrian": 0.4590575620674277,
        "car": 0.8068206450942855,
        "van": 0.4721373805176672,
        "truck": 0.46015909732933485,
        "bus": 0.5523797486747526,
        "motor": 0.4647999145561829
      }
    },
    "Test_Noise": {
      "mAP50_95": 0.14049835336180402,
      "mAP50": 0.23272652784034986,
      "per_class_ap50": {
        "pedestrian": 0.13649543348820348,
        "car": 0.5873017280443069,
        "van": 0.1877487947820457,
        "truck": 0.12230758054016821,
        "bus": 0.2440382191091629,
        "motor": 0.1184674110782118
      }
    },
    "Test_Blur": {
      "mAP50_95": 0.3212528492607552,
      "mAP50": 0.5142055525127504,
      "per_class_ap50": {
        "pedestrian": 0.4277812317267459,
        "car": 0.7936666218898336,
        "van": 0.45514856394466074,
        "truck": 0.42466055192932,
        "bus": 0.5499323268882531,
        "motor": 0.43404401869768905
      }
    },
    "Test_LowRes": {
      "mAP50_95": 0.3188837284002955,
      "mAP50": 0.5085499656159964,
      "per_class_ap50": {
        "pedestrian": 0.4340488220009558,
        "car": 0.7835597678837002,
        "van": 0.4436431753875428,
        "truck": 0.4096801474964421,
        "bus": 0.5550801985202903,
        "motor": 0.4252876824070473
      }
    }
  },
  "YOLOv8m": {
    "Test_Clean": {
      "mAP50_95": 0.44618862046092833,
      "mAP50": 0.6656994183481463,
      "per_class_ap50": {
        "pedestrian": 0.6376896553044338,
        "car": 0.880927769341446,
        "van": 0.5720721596060726,
        "truck": 0.5295014442841849,
        "bus": 0.733368168020787,
        "motor": 0.6406373135319535
      }
    },
    "Test_Noise": {
      "mAP50_95": 0.12867723926963412,
      "mAP50": 0.20097541186347054,
      "per_class_ap50": {
        "pedestrian": 0.11974740626978916,
        "car": 0.5417936310325318,
        "van": 0.2006833468733602,
        "truck": 0.06913245473277554,
        "bus": 0.20092320170088332,
        "motor": 0.07357243057148302
      }
    },
    "Test_Blur": {
      "mAP50_95": 0.42411167934028277,
      "mAP50": 0.6400131030160224,
      "per_class_ap50": {
        "pedestrian": 0.5941990169347775,
        "car": 0.8704371944292395,
        "van": 0.5538528330815018,
        "truck": 0.5008957552399811,
        "bus": 0.7153593374599881,
        "motor": 0.6053344809506459
      }
    },
    "Test_LowRes": {
      "mAP50_95": 0.42788002751808846,
      "mAP50": 0.6424395728962208,
      "per_class_ap50": {
        "pedestrian": 0.6118076102466286,
        "car": 0.8702043192968744,
        "van": 0.5556632888504224,
        "truck": 0.5000866482663756,
        "bus": 0.7135749211957046,
        "motor": 0.6033006495213192
      }
    }
  }
}