{
  "FasterRCNN": {
    "Test_Clean": {
      "mAP50_95": 0.33623372329444723,
      "mAP50": 0.5317710190209395,
      "per_class_ap50": {
        "pedestrian": 0.4876604339571379,
        "car": 0.7888959698460126,
        "van": 0.46573359072483234,
        "truck": 0.3955548623495652,
        "bus": 0.5954711843195676,
        "motor": 0.4573100729285208
      }
    },
    "Test_Noise": {
      "mAP50_95": 0.2960852701337051,
      "mAP50": 0.47155969597525293,
      "per_class_ap50": {
        "pedestrian": 0.4272643997436793,
        "car": 0.753242477954359,
        "van": 0.42739151573832995,
        "truck": 0.3220113712510913,
        "bus": 0.5858797862976425,
        "motor": 0.3135686248664154
      }
    },
    "Test_Blur": {
      "mAP50_95": 0.16958415089323114,
      "mAP50": 0.2868147017594546,
      "per_class_ap50": {
        "pedestrian": 0.16715078166691646,
        "car": 0.6282840805629476,
        "van": 0.23693699295779824,
        "truck": 0.17983395497184393,
        "bus": 0.3483236901956485,
        "motor": 0.16035871020157286
      }
    },
    "Test_LowRes": {
      "mAP50_95": 0.28281790899779974,
      "mAP50": 0.4534648668665665,
      "per_class_ap50": {
        "pedestrian": 0.42349719972567834,
        "car": 0.7282015742254508,
        "van": 0.38699130227881257,
        "truck": 0.30427597758363795,
        "bus": 0.5275436422435638,
        "motor": 0.3502795051422554
      }
    }
  },
  "RT-DETR-L": {
    "Test_Clean": {
      "mAP50_95": 0.33760005783838754,
      "mAP50": 0.5358923913732752,
      "per_class_ap50": {
        "pedestrian": 0.4590575620674277,
        "car": 0.8068206450942855,
        "van": 0.4721373805176672,
        "truck": 0.46015909732933485,
        "bus": 0.5523797486747526,
        "motor": 0.4647999145561829
      }
    },
    "Test_Noise": {
      "mAP50_95": 0.29413849425491334,
      "mAP50": 0.47475991743105644,
      "per_class_ap50": {
        "pedestrian": 0.3990286296708775,
        "car": 0.7818571561246277,
        "van": 0.4310105328755,
        "truck": 0.39516830736493846,
        "bus": 0.4658100704862312,
        "motor": 0.3756848080641637
      }
    },
    "Test_Blur": {
      "mAP50_95": 0.23123304801591388,
      "mAP50": 0.3966916975053667,
      "per_class_ap50": {
        "pedestrian": 0.25380198573148477,
        "car": 0.7343979848444158,
        "van": 0.3687270192122246,
        "truck": 0.29712612928992277,
        "bus": 0.4381214738708825,
        "motor": 0.28797559208326956
      }
    },
    "Test_LowRes": {
      "mAP50_95": 0.31205175902545806,
      "mAP50": 0.5003553205906855,
      "per_class_ap50": {
        "pedestrian": 0.41853095184166833,
        "car": 0.7773251070637679,
        "van": 0.44066844639459557,
        "truck": 0.3990436159202033,
        "bus": 0.5403915770937322,
        "motor": 0.42617222523014575
      }
    }
  },
  "YOLOv8m": {
    "Test_Clean": {
      "mAP50_95": 0.44618862046092833,
      "mAP50": 0.6656994183481463,
      "per_class_ap50": {
        "pedestrian": 0.6376896553044338,
        "car": 0.880927769341446,
        "van": 0.5720721596060726,
        "truck": 0.5295014442841849,
        "bus": 0.733368168020787,
        "motor": 0.6406373135319535
      }
    },
    "Test_Noise": {
      "mAP50_95": 0.3765972467427243,
      "mAP50": 0.5765808932618357,
      "per_class_ap50": {
        "pedestrian": 0.5491778201726999,
        "car": 0.8497938918833603,
        "van": 0.5107981601762238,
        "truck": 0.40281436674016885,
        "bus": 0.6561058221209713,
        "motor": 0.49079529847758996
      }
    },
    "Test_Blur": {
      "mAP50_95": 0.2649761347881103,
      "mAP50": 0.43217502709980987,
      "per_class_ap50": {
        "pedestrian": 0.2888912932279926,
        "car": 0.7722910840133282,
        "van": 0.3936461105954921,
        "truck": 0.30527407573478027,
        "bus": 0.5521296168997448,
        "motor": 0.28081798212752107
      }
    },
    "Test_LowRes": {
      "mAP50_95": 0.4167945897501348,
      "mAP50": 0.6278531140445432,
      "per_class_ap50": {
        "pedestrian": 0.5915244539893973,
        "car": 0.8600775361301879,
        "van": 0.5383117170372725,
        "truck": 0.48848740947807023,
        "bus": 0.7009143786982286,
        "motor": 0.5878031889341032
      }
    }
  },
  "FasterRCNN_aug": {
    "Test_Clean": {
      "mAP50_95": 0.34598129269935435,
      "mAP50": 0.5403142565723045,
      "per_class_ap50": {
        "pedestrian": 0.4936547129904301,
        "car": 0.8002661378504855,
        "van": 0.49208904580034796,
        "truck": 0.39390417554469037,
        "bus": 0.6005149638480306,
        "motor": 0.4614565033998423
      }
    },
    "Test_Noise": {
      "mAP50_95": 0.32411557351096926,
      "mAP50": 0.514301018371905,
      "per_class_ap50": {
        "pedestrian": 0.46410947602921265,
        "car": 0.7881869990441306,
        "van": 0.4687259926585925,
        "truck": 0.3727808170012087,
        "bus": 0.5720741536779309,
        "motor": 0.41992867182035465
      }
    },
    "Test_Blur": {
      "mAP50_95": 0.2727991123485042,
      "mAP50": 0.4424472963539972,
      "per_class_ap50": {
        "pedestrian": 0.35374401175702747,
        "car": 0.7549197457060771,
        "van": 0.41097984039659735,
        "truck": 0.2945528593469644,
        "bus": 0.4872588763720556,
        "motor": 0.353228444545261
      }
    },
    "Test_LowRes": {
      "mAP50_95": 0.30616040545504786,
      "mAP50": 0.4865077000373347,
      "per_class_ap50": {
        "pedestrian": 0.4547035712369014,
        "car": 0.7607555054618015,
        "van": 0.4372405080237547,
        "truck": 0.3388686706731566,
        "bus": 0.5304725047876635,
        "motor": 0.39700544004073024
      }
    }
  },
  "RT-DETR-L_aug": {
    "Test_Clean": {
      "mAP50_95": 0.37646785559560497,
      "mAP50": 0.5778963107908752,
      "per_class_ap50": {
        "pedestrian": 0.5658016512876567,
        "car": 0.8507896359764066,
        "van": 0.48529744178732337,
        "truck": 0.4669696963297476,
        "bus": 0.5406622583625571,
        "motor": 0.55785718100156
      }
    },
    "Test_Noise": {
      "mAP50_95": 0.35570868517823967,
      "mAP50": 0.5471064234582093,
      "per_class_ap50": {
        "pedestrian": 0.5246028425506511,
        "car": 0.8410837150318016,
        "van": 0.46159626149153643,
        "truck": 0.4270668057727145,
        "bus": 0.5291499515419555,
        "motor": 0.4991389643605961
      }
    },
    "Test_Blur": {
      "mAP50_95": 0.3352027551396824,
      "mAP50": 0.5237685905143131,
      "per_class_ap50": {
        "pedestrian": 0.47233575801883093,
        "car": 0.8327909313057756,
        "van": 0.45523388987633495,
        "truck": 0.39784908852155665,
        "bus": 0.5053882913277734,
        "motor": 0.479013584035607
      }
    },
    "Test_LowRes": {
      "mAP50_95": 0.3507001817970114,
      "mAP50": 0.5425523782042451,
      "per_class_ap50": {
        "pedestrian": 0.5289180356192095,
        "car": 0.8282936038513948,
        "van": 0.4556655390189704,
        "truck": 0.4315739824591695,
        "bus": 0.5060130099956262,
        "motor": 0.5048500982811
      }
    }
  },
  "YOLOv8m_aug": {
    "Test_Clean": {
      "mAP50_95": 0.4443351367480994,
      "mAP50": 0.6595803148690519,
      "per_class_ap50": {
        "pedestrian": 0.6281049243624186,
        "car": 0.8795749524974652,
        "van": 0.581186630577174,
        "truck": 0.5154399577323221,
        "bus": 0.7260342331716887,
        "motor": 0.6271411908732427
      }
    },
    "Test_Noise": {
      "mAP50_95": 0.42688874893253853,
      "mAP50": 0.6397783084177212,
      "per_class_ap50": {
        "pedestrian": 0.5927290374041766,
        "car": 0.872238174206245,
        "van": 0.5658416049230004,
        "truck": 0.5057216445375847,
        "bus": 0.7212169108219677,
        "motor": 0.5809224786133527
      }
    },