{
  "vid_yolo_base": {
    "Test_Clean": {
      "mAP50_95": 0.22032757949097498,
      "mAP50": 0.3869967164034762,
      "per_class_ap50": {
        "pedestrian": 0.34434314682477435,
        "car": 0.7198757930286835,
        "van": 0.35280544035487527,
        "truck": 0.24589467694346534,
        "bus": 0.4025617153835907,
        "motor": 0.2564995258854684
      }
    },
    "Test_Noise": {
      "mAP50_95": 0.191464407501225,
      "mAP50": 0.3300034551661816,
      "per_class_ap50": {
        "pedestrian": 0.3077920914155711,
        "car": 0.7066560455456463,
        "van": 0.27423363997053063,
        "truck": 0.16360831352218363,
        "bus": 0.30847772531591,
        "motor": 0.21925291522724807
      }
    },
    "Test_Blur": {
      "mAP50_95": 0.1251984817883029,
      "mAP50": 0.23894707400307522,
      "per_class_ap50": {
        "pedestrian": 0.13919215169828247,
        "car": 0.5280760545573255,
        "van": 0.1952456229150582,
        "truck": 0.14654526557421058,
        "bus": 0.32162874457459684,
        "motor": 0.10299460469897768
      }
    },
    "Test_LowRes": {
      "mAP50_95": 0.17192182593571104,
      "mAP50": 0.308557944539039,
      "per_class_ap50": {
        "pedestrian": 0.247346349151913,
        "car": 0.61631085590709,
        "van": 0.2899027780256513,
        "truck": 0.20460037339523096,
        "bus": 0.3379718127016828,
        "motor": 0.155215498052666
      }
    }
  },
  "vid_yolo_aug": {
    "Test_Clean": {
      "mAP50_95": 0.229886102386,
      "mAP50": 0.40892412822068286,
      "per_class_ap50": {
        "pedestrian": 0.3696039496798636,
        "car": 0.7348967218625484,
        "van": 0.36461812202002275,
        "truck": 0.2807333051880983,
        "bus": 0.4227657386319211,
        "motor": 0.28092693194164314
      }
    },
    "Test_Noise": {
      "mAP50_95": 0.21859076604241442,
      "mAP50": 0.39124721157095754,
      "per_class_ap50": {
        "pedestrian": 0.3431547454095667,
        "car": 0.7229273928195239,
        "van": 0.34871266455855354,
        "truck": 0.2559632664778362,
        "bus": 0.41892130540507705,
        "motor": 0.257803894755188
      }
    },
    "Test_Blur": {
      "mAP50_95": 0.2115443900962264,
      "mAP50": 0.37153420868986653,
      "per_class_ap50": {
        "pedestrian": 0.3022340355412113,
        "car": 0.7183094811383061,
        "van": 0.32807598820404615,
        "truck": 0.24441880546505781,
        "bus": 0.3960477191008965,
        "motor": 0.24011922268968128
      }
    },
    "Test_LowRes": {
      "mAP50_95": 0.21592049576206176,
      "mAP50": 0.3850397356453606,
      "per_class_ap50": {
        "pedestrian": 0.3372798123724371,
        "car": 0.7134082718484258,
        "van": 0.3414236171424528,
        "truck": 0.25722385004217657,
        "bus": 0.3981789854860212,
        "motor": 0.2627238769806501
      }
    }
  },
  "vid_rtdetr_base": {
    "Test_Clean": {
      "mAP50_95": 0.16167467003685065,
      "mAP50": 0.31556996771063717,
      "per_class_ap50": {
        "pedestrian": 0.24009197340133995,
        "car": 0.5893913243387572,
        "van": 0.29313703925555074,
        "truck": 0.2336621690850124,
        "bus": 0.33357802594185754,
        "motor": 0.20355927424130538
      }
    },
    "Test_Noise": {
      "mAP50_95": 0.14904736579860245,
      "mAP50": 0.2873724513007086,
      "per_class_ap50": {
        "pedestrian": 0.22479928818607384,
        "car": 0.5760451606894271,
        "van": 0.27251567618408234,
        "truck": 0.20314403202248715,
        "bus": 0.26305141026288015,
        "motor": 0.18467914045930095
      }
    },
    "Test_Blur": {
      "mAP50_95": 0.10571894386452343,
      "mAP50": 0.21811315414284105,
      "per_class_ap50": {
        "pedestrian": 0.11857199045499878,
        "car": 0.49495342607067827,
        "van": 0.2056152203090968,
        "truck": 0.11604737537226253,
        "bus": 0.2670940148614205,
        "motor": 0.10639689778858964
      }
    },
    "Test_LowRes": {
      "mAP50_95": 0.13760940193639518,
      "mAP50": 0.2652813324901309,
      "per_class_ap50": {
        "pedestrian": 0.18749263929468427,
        "car": 0.5297731564349185,
        "van": 0.24982044584490765,
        "truck": 0.1975035664874991,
        "bus": 0.27934520653287415,
        "motor": 0.14775298034590192
      }
    }
  },
  "vid_rtdetr_aug": {
    "Test_Clean": {
      "mAP50_95": 0.16586408090493235,
      "mAP50": 0.3347647109342317,
      "per_class_ap50": {
        "pedestrian": 0.24364911341053475,
        "car": 0.6033706992477791,
        "van": 0.3226984190719149,
        "truck": 0.2375364389902662,
        "bus": 0.39067530318189,
        "motor": 0.21065829170300515
      }
    },
    "Test_Noise": {
      "mAP50_95": 0.15853738287699212,
      "mAP50": 0.3189517279567502,
      "per_class_ap50": {
        "pedestrian": 0.23249332456937025,
        "car": 0.5936862498902701,
        "van": 0.30640637505572665,
        "truck": 0.219207472878035,
        "bus": 0.36560801606980087,
        "motor": 0.19630892927729848
      }
    },
    "Test_Blur": {
      "mAP50_95": 0.16094830727654158,
      "mAP50": 0.319730304370577,
      "per_class_ap50": {
        "pedestrian": 0.20796783873535274,
        "car": 0.5986174849541404,
        "van": 0.32045276616723695,
        "truck": 0.21579464033474902,
        "bus": 0.38504454876634003,
        "motor": 0.19050454726564275
      }
    },
    "Test_LowRes": {
      "mAP50_95": 0.15636032017066678,
      "mAP50": 0.3101310599860636,
      "per_class_ap50": {
        "pedestrian": 0.21995142345144247,
        "car": 0.5701669691773202,
        "van": 0.2980498543278611,
        "truck": 0.2257682528452571,
        "bus": 0.3586824368872531,
        "motor": 0.18816742322724736
      }
    }
  }
}